<?xml version="1.0" encoding="UTF-8"?>
<project-private xmlns="http://www.netbeans.org/ns/project-private/1">
    <editor-bookmarks xmlns="http://www.netbeans.org/ns/editor-bookmarks/2" lastBookmarkId="0"/>
    <open-files xmlns="http://www.netbeans.org/ns/projectui-open-files/2">
        <group>
            <file>file:/C:/Users/deepe/Desktop/Customer%20Relationship%20Management%20System/2.%20Code%20of%20Project/CRM/src/crm/customer_details.java</file>
            <file>file:/C:/Users/deepe/Desktop/Customer%20Relationship%20Management%20System/2.%20Code%20of%20Project/CRM/src/crm/Add_product.java</file>
            <file>file:/C:/Users/deepe/Desktop/Customer%20Relationship%20Management%20System/2.%20Code%20of%20Project/CRM/src/crm/Product_details.java</file>
            <file>file:/C:/Users/deepe/Desktop/Customer%20Relationship%20Management%20System/2.%20Code%20of%20Project/CRM/src/crm/Home.java</file>
            <file>file:/C:/Users/deepe/Desktop/Customer%20Relationship%20Management%20System/2.%20Code%20of%20Project/CRM/src/crm/CRM.java</file>
            <file>file:/C:/Users/deepe/Desktop/Customer%20Relationship%20Management%20System/2.%20Code%20of%20Project/CRM/src/crm/Sell.java</file>
        </group>
    </open-files>
</project-private>
